源文件	节标题	原文行号
02-项目执行总控文档.md	## 九、数据设计概要	330-511
02-项目执行总控文档.md	### 9.3 向量索引	502-511
02-项目执行总控文档.md	## 十、时间维度设计	512-567
02-项目执行总控文档.md	### 10.1 四种时间及其归属层级	514-526
02-项目执行总控文档.md	### 10.2 时间线示例与时间约束检索	527-547
02-项目执行总控文档.md	### 10.3 数据截止时间 data_cutoff_time	548-567
02-项目执行总控文档.md	## 十一、技术路线	568-701
02-项目执行总控文档.md	### 11.1 普通 RAG 流程	570-593
02-项目执行总控文档.md	### 11.2 KG-RAG 流程	594-619
02-项目执行总控文档.md	### 11.3 一次用户提问的完整执行流程	620-657
02-项目执行总控文档.md	### 11.4 整体技术路线	658-695
02-项目执行总控文档.md	### 11.5 开发纪律：必须先跑通普通 RAG，再加知识图谱	696-701
02-项目执行总控文档.md	## 十二、混合检索策略与实验方案	702-852
02-项目执行总控文档.md	### 12.1 检索策略分级	704-712
02-项目执行总控文档.md	### 12.2 测试集（多标签）	713-753
02-项目执行总控文档.md	### 12.3 抽取评测集	754-772
02-项目执行总控文档.md	### 12.4 实验配置固定表	773-792
02-项目执行总控文档.md	### 12.5 实验设置	793-802
02-项目执行总控文档.md	### 12.6 消融实验	803-820
02-项目执行总控文档.md	### 12.7 评价指标与定义	821-836
02-项目执行总控文档.md	### 12.8 图谱增强效果的判定规则	837-842
02-项目执行总控文档.md	### 12.9 定量实验问题与开放性问题的区分	843-852
02-项目执行总控文档.md	## 十三、最终回答形态与证据追溯	853-886
02-项目执行总控文档.md	## 十六、进度安排	975-1064
02-项目执行总控文档.md	### 16.1 十二阶段总流程	977-1004
02-项目执行总控文档.md	### 16.4 项目依赖顺序	1035-1064
02-项目执行总控文档.md	## 十七、数据"先小后大"推进策略	1065-1086
02-项目执行总控文档.md	## 二十、下一阶段待办	1112-1147
交付物/07-设计与需求/需求分析/07-需求分析（第三阶段）.md	### 1.3 需求来源清单	42-91
交付物/07-设计与需求/需求分析/07-需求分析（第三阶段）.md	### 3.1 编写口径与本体口径	151-216
交付物/07-设计与需求/需求分析/07-需求分析（第三阶段）.md	### 3.5 智能问答（FR-04）	278-297
交付物/07-设计与需求/需求分析/07-需求分析（第三阶段）.md	### 3.6 证据追溯（FR-05）	298-316
交付物/07-设计与需求/需求分析/07-需求分析（第三阶段）.md	### 3.7 历史问答（FR-06）	317-335
交付物/07-设计与需求/需求分析/07-需求分析（第三阶段）.md	### 3.8 功能需求汇总表	336-348
交付物/07-设计与需求/需求分析/07-需求分析（第三阶段）.md	#### UC-01 提交问题并获取答案	397-425
交付物/07-设计与需求/需求分析/07-需求分析（第三阶段）.md	#### UC-02 查看答案与证据来源	426-442
交付物/07-设计与需求/需求分析/07-需求分析（第三阶段）.md	#### UC-03 查看图谱（含多跳路径查询）	443-461
交付物/07-设计与需求/需求分析/07-需求分析（第三阶段）.md	### 5.7 非功能需求与论文第 6 章测试类型的对应关系	582-596
交付物/07-设计与需求/需求分析/07-需求分析（第三阶段）.md	### 7.2 需求追溯矩阵	653-684
交付物/07-设计与需求/总体设计/10-系统总体设计（第四阶段）.md	### 4.1 系统总体架构	55-147
交付物/07-设计与需求/总体设计/10-系统总体设计（第四阶段）.md	#### 4.1.1 六层架构图与部署形态	59-105
交付物/07-设计与需求/总体设计/10-系统总体设计（第四阶段）.md	#### 4.1.2 各层职责与层间调用关系	106-124
交付物/07-设计与需求/总体设计/10-系统总体设计（第四阶段）.md	#### 4.1.3 技术栈	125-139
交付物/07-设计与需求/总体设计/10-系统总体设计（第四阶段）.md	#### 4.1.4 架构对非功能需求的支撑	140-147
交付物/07-设计与需求/总体设计/10-系统总体设计（第四阶段）.md	#### 4.2.3 各模块的边界与不做的事	221-236
交付物/07-设计与需求/总体设计/10-系统总体设计（第四阶段）.md	### 4.4 数据库设计	432-598
交付物/07-设计与需求/总体设计/10-系统总体设计（第四阶段）.md	#### 4.4.1 字段级设计	436-491
交付物/07-设计与需求/总体设计/10-系统总体设计（第四阶段）.md	#### 4.4.2 历史证据保护与关键约束	492-518
交付物/07-设计与需求/总体设计/10-系统总体设计（第四阶段）.md	#### 4.4.5 四种时间的落点与相对时间判定	547-564
交付物/07-设计与需求/总体设计/10-系统总体设计（第四阶段）.md	#### 4.4.6 向量—原文三级映射链路	565-585
交付物/07-设计与需求/总体设计/10-系统总体设计（第四阶段）.md	#### 4.4.7 answer.graph_path 的存储形式与局限	586-598
交付物/07-设计与需求/总体设计/10-系统总体设计（第四阶段）.md	### 4.6 RAG 检索架构	736-910
交付物/07-设计与需求/总体设计/10-系统总体设计（第四阶段）.md	#### 4.6.1 检索管线的组件与数据流	740-772
交付物/07-设计与需求/总体设计/10-系统总体设计（第四阶段）.md	#### 4.6.2 Method 的配置	773-786
交付物/07-设计与需求/总体设计/10-系统总体设计（第四阶段）.md	#### 4.6.3 四级检索策略与预算相关的三个量	787-809
交付物/07-设计与需求/总体设计/10-系统总体设计（第四阶段）.md	#### 4.6.4 Top-K 证据集合的五步契约	810-828
交付物/07-设计与需求/总体设计/10-系统总体设计（第四阶段）.md	#### 4.6.5 上下文预算与固定裁剪规则的执行位置	829-838
交付物/07-设计与需求/总体设计/10-系统总体设计（第四阶段）.md	#### 4.6.6 证据融合与排序	839-850
交付物/07-设计与需求/总体设计/10-系统总体设计（第四阶段）.md	#### 4.6.7 A～E 五组的配置开关	851-880
交付物/07-设计与需求/总体设计/10-系统总体设计（第四阶段）.md	#### 4.6.8 Prompt 结构与版本管理	881-898
交付物/07-设计与需求/总体设计/10-系统总体设计（第四阶段）.md	#### 4.6.9 图谱路径的输出条件	899-910
交付物/04-数据与知识图谱/数据准备/13-数据准备（第五阶段）.md	## 三、切分口径与参数	167-251
交付物/04-数据与知识图谱/数据准备/13-数据准备（第五阶段）.md	### 3.1 固化参数（`config.CHUNK`，本阶段固化的 TBD 之二）	169-188
交付物/04-数据与知识图谱/数据准备/13-数据准备（第五阶段）.md	### 3.2 编号规则（《12》第五节 硬约束 6、7、8）	189-195
交付物/04-数据与知识图谱/数据准备/13-数据准备（第五阶段）.md	### 3.3 实测切分结果与长度分布	196-251
交付物/04-数据与知识图谱/数据准备/13-数据准备（第五阶段）.md	## 四、向量化口径	252-283
交付物/04-数据与知识图谱/数据准备/13-数据准备（第五阶段）.md	### 4.1 Embedding 模型与版本（本阶段固化的 TBD 之一）	254-270
交付物/04-数据与知识图谱/数据准备/13-数据准备（第五阶段）.md	### 4.2 向量索引与三级映射链路	271-279
交付物/04-数据与知识图谱/数据准备/13-数据准备（第五阶段）.md	### 4.3 本阶段向量化的边界	280-283
交付物/04-数据与知识图谱/数据准备/13-数据准备（第五阶段）.md	## 五、数据字典	284-347
交付物/04-数据与知识图谱/数据准备/13-数据准备（第五阶段）.md	### 5.1 `clean\documents.jsonl`（一行一篇）→ `document` 表	288-307
交付物/04-数据与知识图谱/数据准备/13-数据准备（第五阶段）.md	### 5.2 `chunks\chunks.jsonl`（一行一个文本块）→ `document_chunk` 表	308-318
交付物/04-数据与知识图谱/数据准备/13-数据准备（第五阶段）.md	### 5.3 数据集内部辅助文件（同样不入库）	319-329
交付物/04-数据与知识图谱/数据准备/13-数据准备（第五阶段）.md	### 5.4 `company_list` 允许为空的类别与原因	330-340
交付物/04-数据与知识图谱/数据准备/13-数据准备（第五阶段）.md	### 5.5 `url` 的取值与为空口径	341-347
交付物/04-数据与知识图谱/数据准备/13-数据准备（第五阶段）.md	### 6.4 本阶段固化的三项 TBD 与保持 TBD 的四项	439-459
交付物/04-数据与知识图谱/数据准备/13-数据准备（第五阶段）.md	### 6.5 版本不可变与升版规则	460-466
交付物/04-数据与知识图谱/数据准备/13-数据准备（第五阶段）.md	### 6.8 数据集 v2.1（定向补样）	531-627
交付物/04-数据与知识图谱/数据准备/13-数据准备（第五阶段）.md	## 九、对下游阶段的使用说明	718-867
交付物/04-数据与知识图谱/数据准备/13-数据准备（第五阶段）.md	### 9.1 给第 6 阶段（事件抽取与知识图谱）	720-727
交付物/04-数据与知识图谱/数据准备/13-数据准备（第五阶段）.md	### 9.1.1 语料对本体的覆盖性实测（补做《12》第三节 的检查项）	728-836
交付物/04-数据与知识图谱/数据准备/13-数据准备（第五阶段）.md	### 9.2 给第 7 阶段（向量检索）	837-844
交付物/04-数据与知识图谱/数据准备/13-数据准备（第五阶段）.md	### 9.3 给第 10 阶段（测试集与实验）	845-854
交付物/04-数据与知识图谱/数据准备/13-数据准备（第五阶段）.md	### 9.4 各阶段通用纪律	855-867
交付物/04-数据与知识图谱/事件抽取与知识图谱/16-事件抽取与知识图谱（第六阶段）.md	### 1.4 与《02》第12.4节「实验配置固定表」的关系（边界说明）	72-77
交付物/04-数据与知识图谱/事件抽取与知识图谱/16-事件抽取与知识图谱（第六阶段）.md	### 1.6 抽取规模、成本与异常读数	86-100
交付物/04-数据与知识图谱/事件抽取与知识图谱/16-事件抽取与知识图谱（第六阶段）.md	### 3.4 核心关系分布（9 条，导出物口径）	246-261
交付物/04-数据与知识图谱/事件抽取与知识图谱/16-事件抽取与知识图谱（第六阶段）.md	### 3.6 抽取层口径（含未写入图谱的条目）	277-285
交付物/04-数据与知识图谱/事件抽取与知识图谱/16-事件抽取与知识图谱（第六阶段）.md	### 3.7 从抽取层到导出层的三条对账恒等式	286-293
交付物/04-数据与知识图谱/事件抽取与知识图谱/16-事件抽取与知识图谱（第六阶段）.md	### 4.4 待消歧清单的构成（1070 条）	328-339
交付物/04-数据与知识图谱/事件抽取与知识图谱/16-事件抽取与知识图谱（第六阶段）.md	### 5.4 去重的边界（如实登记）	394-400
交付物/04-数据与知识图谱/事件抽取与知识图谱/16-事件抽取与知识图谱（第六阶段）.md	### 6.1 节点与编号	403-411
交付物/04-数据与知识图谱/事件抽取与知识图谱/16-事件抽取与知识图谱（第六阶段）.md	### 6.2 边与证据属性	412-423
交付物/04-数据与知识图谱/事件抽取与知识图谱/16-事件抽取与知识图谱（第六阶段）.md	### 6.3 四件导出物	424-438
交付物/04-数据与知识图谱/事件抽取与知识图谱/16-事件抽取与知识图谱（第六阶段）.md	### 6.4 时间属性的落点（《10》第4.5.6节）	439-445
交付物/04-数据与知识图谱/事件抽取与知识图谱/16-事件抽取与知识图谱（第六阶段）.md	### 6.5 重放与核对命令	446-457
交付物/04-数据与知识图谱/事件抽取与知识图谱/16-事件抽取与知识图谱（第六阶段）.md	### 6.6 人工确认的实体写入图谱（HCONF-####）	458-466
交付物/04-数据与知识图谱/事件抽取与知识图谱/16-事件抽取与知识图谱（第六阶段）.md	## 七、评测集构成与分层依据	467-565
交付物/04-数据与知识图谱/事件抽取与知识图谱/16-事件抽取与知识图谱（第六阶段）.md	### 7.1 规模与两段式	469-475
交付物/04-数据与知识图谱/事件抽取与知识图谱/16-事件抽取与知识图谱（第六阶段）.md	### 7.2 分层配额（类目 × 月份 × 公司）	476-489
交付物/04-数据与知识图谱/事件抽取与知识图谱/16-事件抽取与知识图谱（第六阶段）.md	### 7.3 分层容差与逐项差异登记	490-496
交付物/04-数据与知识图谱/事件抽取与知识图谱/16-事件抽取与知识图谱（第六阶段）.md	### 7.6 标注状态（交付池子 ＋ 独立自动标注产物）	553-558
交付物/04-数据与知识图谱/事件抽取与知识图谱/16-事件抽取与知识图谱（第六阶段）.md	### 7.7 已登记的八项偏离	559-565
交付物/04-数据与知识图谱/事件抽取与知识图谱/16-事件抽取与知识图谱（第六阶段）.md	## 八、已知限制与证据不足清单	566-703
交付物/04-数据与知识图谱/事件抽取与知识图谱/16-事件抽取与知识图谱（第六阶段）.md	### 8.1 event_time 空值 544／1100（49.5%）：T3 的 717 条里 173 条已由 T3.5 补出日期	570-578
交付物/04-数据与知识图谱/事件抽取与知识图谱/16-事件抽取与知识图谱（第六阶段）.md	### 8.2 CUSTOMER_OF 已由人工确认写入 10 条（曾经为 0 条），仍属很薄的关系	579-589
交付物/04-数据与知识图谱/事件抽取与知识图谱/16-事件抽取与知识图谱（第六阶段）.md	### 8.3 BELONGS_TO 的 valid_from／valid_to 14／14 全为空	590-596
交付物/04-数据与知识图谱/事件抽取与知识图谱/16-事件抽取与知识图谱（第六阶段）.md	### 8.4 公司提及消歧率 41.4%（自动匹配）、跳过 878 条边、435 个孤立节点、1070 条待消歧	597-604
交付物/04-数据与知识图谱/事件抽取与知识图谱/16-事件抽取与知识图谱（第六阶段）.md	### 8.5 拒绝 82 条的分布与含义	605-611
交付物/04-数据与知识图谱/事件抽取与知识图谱/16-事件抽取与知识图谱（第六阶段）.md	### 8.6 SUPPLIES 0／COMPETES_WITH 1／CUSTOMER_OF 4 仍然很薄	612-619
交付物/04-数据与知识图谱/事件抽取与知识图谱/16-事件抽取与知识图谱（第六阶段）.md	### 8.7 其他如实登记的边界	620-629
交付物/04-数据与知识图谱/事件抽取与知识图谱/16-事件抽取与知识图谱（第六阶段）.md	### 8.8 证据不足登记（评测集口径：8 种事件类型 ＋ 9 条核心关系）	630-656
交付物/04-数据与知识图谱/事件抽取与知识图谱/16-事件抽取与知识图谱（第六阶段）.md	### 8.9 模型自动标注（模型参照集）：不是金标准，未人工复核	657-686
交付物/04-数据与知识图谱/事件抽取与知识图谱/16-事件抽取与知识图谱（第六阶段）.md	### 8.10 三个第三方模型的独立复核（40 条抽检样本）——2026-09-27 增补（v1.8）	687-703
交付物/04-数据与知识图谱/事件抽取与知识图谱/16-事件抽取与知识图谱（第六阶段）.md	## 九、对下游的使用说明	704-746
交付物/04-数据与知识图谱/事件抽取与知识图谱/16-事件抽取与知识图谱（第六阶段）.md	### 9.1 给第 7 阶段（向量检索与图谱查询）	706-715
交付物/04-数据与知识图谱/事件抽取与知识图谱/16-事件抽取与知识图谱（第六阶段）.md	### 9.2 给第 10 阶段（抽取评测集与实验）	716-725
交付物/04-数据与知识图谱/事件抽取与知识图谱/16-事件抽取与知识图谱（第六阶段）.md	### 9.3 通用纪律	726-732
交付物/04-数据与知识图谱/事件抽取与知识图谱/16-事件抽取与知识图谱（第六阶段）.md	### 9.4 第 10 阶段时间过滤组（D／E）的可测性前置条件	733-746
