"序","编号","题名","作者（全部，按序）","出处（刊名或会议名）","年","卷(期)","页码","DOI","类型（期刊／会议／arXiv 等）","现有核验来源（取自该条「核验」行的一句话摘要）","知网入口","你的判定","差异说明"
"1","KG-5","FinKario: Event-Enhanced Automated Construction of Financial Knowledge Graph","X. Li, P. Sun, W. Zhou, Z. Wei, Y. Zhang, X. Chu","Proceedings of the 64th Annual Meeting of the Association for Computational Linguistics (Volume 1: Long Papers)","2026","—","9826-9845","10.18653/v1/2026.acl-long.446","会议（ACL 2026 长文）","ACL Anthology 正式条目（2026.acl-long.446）核实题名、六位作者、卷册、页码 9826–9845、DOI 与出版年月（2026-07，San Diego），另以 arXiv:2508.00961 与 Semantic Scholar 交叉印证。","待补","",""
"2","KG-9","Doc2EDAG: An End-to-End Document-level Framework for Chinese Financial Event Extraction","S. Zheng, W. Cao, W. Xu, J. Bian","EMNLP-IJCNLP","2019","—","337-346","","会议（EMNLP-IJCNLP 2019）","ACL Anthology（EMNLP-IJCNLP 2019）、arXiv 原文及多篇引用文献交叉核验，作者、会议、页码一致（来源：方向一_知识图谱文献.md [9]）。","待补","",""
"3","KG-16","DocEE: A Large-Scale and Fine-grained Benchmark for Document-level Event Extraction","M. Tong, B. Xu, S. Wang, M. Han, Y. Cao, J. Zhu, S. Chen, L. Hou, J. Li","NAACL-HLT","2022","—","3970-3982","10.18653/v1/2022.naacl-main.291","会议（NAACL-HLT 2022）","ACL Anthology 官方页（2022.naacl-main.291）与 Crossref DOI 记录双源交叉核验，题名、9 位作者、会议与页码完全一致，另以论文 PDF 首页页眉复核。","待补","",""
"4","KG-17","DocEE-zh: A Fine-grained Benchmark for Chinese Document-level Event Extraction","M. Liu, M. Tong, Y. Peng, L. Hou, J. Li, B. Xu","Findings of EMNLP","2024","—","637-649","10.18653/v1/2024.findings-emnlp.35","会议（Findings of EMNLP 2024）","ACL Anthology 官方页（2024.findings-emnlp.35）与 Crossref DOI 记录双源交叉核验，题名、6 位作者、会议与页码一致，另以论文 PDF 首页页眉与作者行复核。","待补","",""
"5","KG-19","MAVEN-ERE: A Unified Large-scale Dataset for Event Coreference, Temporal, Causal, and Subevent Relation Extraction","X. Wang, Y. Chen, N. Ding, H. Peng, Z. Wang, Y. Lin, X. Han, L. Hou, J. Li, Z. Liu, P. Li, J. Zhou","EMNLP","2022","—","926-941","10.18653/v1/2022.emnlp-main.60","会议（EMNLP 2022）","ACL Anthology 官方页（2022.emnlp-main.60）、Crossref DOI 记录与 arXiv:2211.07342 三源交叉核验，题名、12 位作者、会议与页码一致。","待补","",""
"6","KG-21","面向应急管理的金融突发事件事理知识图谱构建与分析研究","刘政昊, 曾曦, 张志剑","信息资源管理学报","2022","12(3)","137-151","10.13365/j.jirm.2022.03.137","期刊（中文）","《信息资源管理学报》期刊官网文章页与站内检索结果、维普网文献记录（cqvip.com/doc/journal/7107452184）双源交叉核验，题名、3 位作者、卷期页码一致；2026-09-28 追加知网空间复核：文章页命中（知网文件名 XNZY202203011），题名／作者／刊名年期与上列一致（证据 _知网核验\证据\KG-21.html）。","https://cnki.com.cn/Article/CJFDTotal-XNZY202203011.htm","",""
"7","KG-28","实体消歧综述","段宗涛, 李菲, 陈柘","控制与决策","2021","36(5)","1025-1039","10.13195/j.kzyjc.2020.0388","期刊（中文）","《控制与决策》期刊官网文章页、DOI 解析链路（中国DOI／ISTIC 多重解析）与 2021 年第 36 卷第 5 期目录页三源交叉核验，题名、作者、DOI、卷期页码一致；该 DOI 非 Crossref 注册；2026-09-28 追加知网空间复核：文章页命中（知网文件名 KZYC202105001），题名／作者／刊名年期与上列一致（证据 _知网核验\证据\KG-28.html）。","https://cnki.com.cn/Article/CJFDTotal-KZYC202105001.htm","",""
"8","KG-29","JEL: Applying End-to-End Neural Entity Linking in JPMorgan Chase","W. Ding, V. K. Chaudhri, N. Chittar, K. Konakanchi","AAAI","2021","35(17)","15301-15308","10.1609/aaai.v35i17.17796","会议（AAAI 2021）","AAAI 官方 OJS 文章页、Crossref DOI 记录、OpenAlex／Semantic Scholar 与官方 PDF 四源交叉核验；作者名写法差异（Krihshna／Krishna Konakanchi）以论文正式版为准。","待补","",""
"9","RAG-1","Retrieval-Augmented Generation for Knowledge-Intensive NLP Tasks","P. Lewis, E. Perez, A. Piktus, et al.","NeurIPS","2020","—","待补","","会议（NeurIPS 2020）","arXiv 摘要页、NeurIPS Proceedings 官方页与 Semantic Scholar 三源交叉核验，作者列表、年份、会议均一致（来源：方向二_RAG文献.md [1]）。","待补","",""
"10","RAG-9","From Local to Global: A Graph RAG Approach to Query-Focused Summarization","D. Edge, H. Trinh, N. Cheng, et al.","arXiv","2024","—","—","","arXiv 预印本","arXiv PDF 原文、graphrag.com 官方项目站与 NASA ADS 三源交叉核验，作者为 Microsoft Research 团队（8 人）（来源：方向二_RAG文献.md [9]）。","待补","",""
"11","RAG-10","HippoRAG: Neurobiologically Inspired Long-Term Memory for Large Language Models","B. J. Gutierrez, Y. Shu, Y. Gu, M. Yasunaga, Y. Su","NeurIPS","2024","37","59532-59569","","会议（NeurIPS 2024）","arXiv PDF 原文（2405.14831）、NeurIPS 2024 论文集（vol.37, pp.59532-59569）与 AWS 技术博客三源交叉核验（来源：方向二_RAG文献.md [10]）。","待补","",""
"12","RAG-11","Ragas: Automated Evaluation of Retrieval Augmented Generation","S. Es, J. James, L. Espinosa-Anke, S. Schockaert","arXiv","2023","—","—","","arXiv 预印本","arXiv 摘要页（Shahul Es、Jithin James、Luis Espinosa-Anke、Steven Schockaert）、arXiv HTML 全文与多篇后续 RAG 评估论文引用交叉核验（来源：方向二_RAG文献.md [11]）。","待补","",""
"13","RAG-13","HotpotQA: A Dataset for Diverse, Explainable Multi-hop Question Answering","Z. Yang, P. Qi, S. Zhang, Y. Bengio, W. W. Cohen, R. Salakhutdinov, C. D. Manning","EMNLP","2018","—","待补","","会议（EMNLP 2018）","arXiv PDF 原文、hotpotqa.github.io 官方项目站（CMU＋Stanford＋Université de Montréal）与 EMNLP 2018 论文集三源交叉核验（来源：方向二_RAG文献.md [13]）。","待补","",""
"14","RAG-24","FActScore: Fine-grained Atomic Evaluation of Factual Precision in Long Form Text Generation","S. Min, K. Krishna, X. Lyu, M. Lewis, W. Yih, P. W. Koh, M. Iyyer, L. Zettlemoyer, H. Hajishirzi","EMNLP","2023","—","12076-12100","10.18653/v1/2023.emnlp-main.741","会议（EMNLP 2023）","ACL Anthology 官方页（2023.emnlp-main.741，含 9 位作者、页码 12076–12100 与 DOI）、ACL Anthology EMNLP 2023 主会卷目录页与 arXiv:2305.14251 三源交叉核验。","待补","",""
"15","FIN-3","FinanceBench: A New Benchmark for Financial Question Answering","P. Islam, A. Kannappan, D. Kiela, R. Qian, N. Scherrer, B. Vidgen","arXiv","2023","—","—","","arXiv 预印本","arXiv:2311.11944（2023-11-20 提交，Patronus AI 出品）与 HuggingFace 数据集页面核验（来源：方向三_金融问答文献.md [3]）。","待补","",""
"16","FIN-16","Question Answering Over Temporal Knowledge Graphs","A. Saxena, S. Chakrabarti, P. Talukdar","ACL-IJCNLP","2021","—","6663-6676","10.18653/v1/2021.acl-long.520","会议（ACL-IJCNLP 2021 长文）","ACL Anthology 官方页 2021.acl-long.520、arXiv:2106.01515 与 OpenAlex 三源交叉核验；线索偏差说明：正式出处为 ACL-IJCNLP 2021 长文，而非任务线索中的 EMNLP 2021。","待补","",""
"17","FIN-17","TempoQR: Temporal Question Reasoning over Knowledge Graphs","C. Mavromatis, P. L. Subramanyam, V. N. Ioannidis, S. Adeshina, P. R. Howard, T. Grinberg, N. Hakim, G. Karypis","AAAI","2022","36(5)","5825-5833","10.1609/aaai.v36i5.20526","会议（AAAI 2022）","arXiv:2112.05785、Crossref DOI 记录 10.1609/aaai.v36i5.20526 与 OpenAlex 三源交叉核验；线索偏差说明：正式出处为 AAAI-22（2022），而非任务线索中的 ACL 2023。","待补","",""
"18","FIN-20","FinReflectKG -- HalluBench: GraphRAG Hallucination Benchmark for Financial Question Answering Systems","M. Kumar, B. Sarmah, S. Pasquali","arXiv","2026","—","—","10.48550/arXiv.2603.20252","arXiv 预印本","arXiv abs 页 2603.20252、Semantic Scholar 检索记录与 OpenAlex 记录（DOI 10.48550/arXiv.2603.20252）三源交叉核验；全文为 arXiv 官方 PDF。","待补","",""
"19","SYS-4","A Layered Architecture for Developing and Enhancing Capabilities in Large Language Model-based Software Systems","D. Zhang, X. Xu, C. Wang, Z. Xing, R. Mao","arXiv","2024","—","—","","arXiv 预印本","arXiv 摘要页（arxiv.org/abs/2411.12357）核验，确认 5 位作者、2024 年 11 月提交与 cs.SE 分类（来源：方向四_软件系统文献.md [4]）。","待补","",""
"20","SYS-8","HybridRAG: Integrating Knowledge Graphs and Vector Retrieval Augmented Generation for Efficient Information Extraction","B. Sarmah, B. Hall, R. Rao, S. Patel, S. Pasquali, D. Mehta","arXiv","2024","—","—","","arXiv 预印本","arXiv 摘要页（arxiv.org/abs/2408.04948）核验，确认 6 位作者、2024 年 8 月提交与金融文档场景（来源：方向四_软件系统文献.md [8]）。","待补","",""
"21","SYS-13","RAGPerf: An End-to-End Benchmarking Framework for Retrieval-Augmented Generation Systems","S. Li, Y. Zhou, Y. Xu, K. Chen, D. Waddington, S. Sundararaman, H. Franke, J. Huang","PVLDB","2026","19(11)","3689-3703","10.14778/3836663.3836718","期刊（PVLDB；Crossref 类型 journal-article）","arXiv:2603.10765、Crossref API 记录（DOI 10.14778/3836663.3836718，PVLDB 卷 19、期 11、页 3689-3703）、PVLDB 官方 PDF 与 OpenAlex 四源交叉核验；全文为 PVLDB 官方开放获取版本。","待补","",""
"22","SYS-14","HetaRAG: Hybrid Deep Retrieval-Augmented Generation across Heterogeneous Data Stores","G. Yan, Y. Zhang, P. Cai, D. Wang, S. Mao, H. Zhang, Y. Zhang, H. Zhang, X. Cai, B. Shi","arXiv","2025","—","—","10.48550/arXiv.2509.21336","arXiv 预印本","arXiv 摘要页（arxiv.org/abs/2509.21336）、Semantic Scholar 记录（CorpusId 281658777）与 OpenAlex 记录（DOI 10.48550/arXiv.2509.21336）三源交叉核验；全文为 arXiv 预印本。","待补","",""
